group,value1,value2
I,4.338079853,5.148005459
A,3.917400709,4.76762393
