group,value1,value2
I,4.338079853,5.148005459
A,3.917400709,4.76762393
K,3.202934338,5.20516469
C,3.277281389,4.686839945
